seed,method,revenue,loss_pct,switches,restarts,missing_steps,selector_multiplier,selector_epsilon,best_fixed
0,Expert,2789528.3743593385,7.792111277730227,0,0,0,,,DP
0,Decision Table,2224500.0,26.469129926022887,0,0,0,,,DP
0,DP,3025260.0,0.0,0,0,0,,,DP
0,DDPG,2562389.1052474976,15.30020212320602,0,0,0,,,DP
1,Expert,3038133.626987357,0.0,0,0,0,,,Expert
1,Decision Table,2106200.0,30.67454369712736,0,0,0,,,Expert
1,DP,3018110.0,0.6590765728501804,0,0,0,,,Expert
1,DDPG,2599402.9013462067,14.440797525953464,0,0,0,,,Expert
2,Expert,2531075.962536138,16.604993911584902,0,0,0,,,DP
2,Decision Table,2169210.0,28.527913095192986,0,0,0,,,DP
2,DP,3035045.0,0.0,0,0,0,,,DP
2,DDPG,2586652.9013404846,14.773820442844023,0,0,0,,,DP
3,Expert,2903342.083954317,4.133303265148752,0,0,0,,,DP
3,Decision Table,2156010.0,28.809781675537888,0,0,0,,,DP
3,DP,3028520.0,0.0,0,0,0,,,DP
3,DDPG,2613373.3758563995,13.7079043276452,0,0,0,,,DP
4,Expert,2720136.74753319,9.83759160692525,0,0,0,,,DP
4,Decision Table,2175670.0,27.88463769461008,0,0,0,,,DP
4,DP,3016930.0,0.0,0,0,0,,,DP
4,DDPG,2506205.889471054,16.928603266530743,0,0,0,,,DP
0,OracleFixed,3016325.0,0.2953465156713803,0,1,0,,,DP
0,FTL,3022459.495708975,0.09257069775903527,5,6,0,,,DP
0,FPL-1x,3034810.194087681,-0.31568176248259305,3767,3768,0,1.0,0.00018684037016598504,DP
0,FLL-1x,2457213.548204422,18.77678122857467,3,4,0,1.0,0.00018684037016598504,DP
0,FPL-2x,3033605.481579466,-0.2758599782982551,3766,3767,0,2.0,0.0003736807403319701,DP
0,FLL-2x,2648877.031569909,12.441342840948916,7,8,0,2.0,0.0003736807403319701,DP
0,FPL-4x,3033605.481579466,-0.2758599782982551,3767,3768,0,4.0,0.0007473614806639402,DP
0,FLL-4x,2668075.943781741,11.806722602958391,15,16,0,4.0,0.0007473614806639402,DP
0,FPL-8x,3033027.8718056465,-0.2567670813631376,3771,3772,0,8.0,0.0014947229613278803,DP
0,FLL-8x,2626016.790423304,13.196988344033114,30,31,0,8.0,0.0014947229613278803,DP
0,FPL-16x,3032050.078161118,-0.22444610252071182,3762,3763,0,16.0,0.0029894459226557607,DP
0,FLL-16x,2890602.9959027036,4.4510886369203435,59,60,0,16.0,0.0029894459226557607,DP
0,FPL-32x,3035175.9891796554,-0.32777312295985944,3729,3730,0,32.0,0.005978891845311521,DP
0,FLL-32x,2853533.592063524,5.676418157000594,96,97,0,32.0,0.005978891845311521,DP
0,FPL-64x,3032938.035366957,-0.25379753697060997,3683,3684,0,64.0,0.011957783690623043,DP
0,FLL-64x,2998184.191735114,0.8949911169580805,185,186,0,64.0,0.011957783690623043,DP
1,OracleFixed,3027578.6610820442,0.3474161179598713,0,1,0,,,Expert
1,FTL,3018352.29611029,0.6511014098047562,6,7,0,,,Expert
1,FPL-1x,2941870.793717093,3.168485823506041,3797,3798,0,1.0,0.00018684037016598504,Expert
1,FLL-1x,2167523.4333354165,28.656086286607685,4,5,0,1.0,0.00018684037016598504,Expert
1,FPL-2x,2941420.793717093,3.183297548573125,3797,3798,0,2.0,0.0003736807403319701,Expert
1,FLL-2x,2812752.9910928924,7.418391142918701,6,7,0,2.0,0.0003736807403319701,Expert
1,FPL-4x,2941420.793717093,3.183297548573125,3798,3799,0,4.0,0.0007473614806639402,Expert
1,FLL-4x,3094157.3388812244,-1.8440173729099891,14,15,0,4.0,0.0007473614806639402,Expert
1,FPL-8x,2941420.793717093,3.183297548573125,3800,3801,0,8.0,0.0014947229613278803,Expert
1,FLL-8x,3021408.2084365967,0.5505162249017194,29,30,0,8.0,0.0014947229613278803,Expert
1,FPL-16x,2942756.8686583787,3.1393207159079095,3808,3809,0,16.0,0.0029894459226557607,Expert
1,FLL-16x,3106993.7096326817,-2.2665258049760917,50,51,0,16.0,0.0029894459226557607,Expert
1,FPL-32x,2952549.4563026456,2.8169982361696726,3791,3792,0,32.0,0.005978891845311521,Expert
1,FLL-32x,3153662.6896294896,-3.8026326958071346,100,101,0,32.0,0.005978891845311521,Expert
1,FPL-64x,2936962.9841088816,3.330026104835863,3725,3726,0,64.0,0.011957783690623043,Expert
1,FLL-64x,3100934.6250653616,-2.0670913721552973,196,197,0,64.0,0.011957783690623043,Expert
2,OracleFixed,3033580.0,0.04826946552687028,0,1,0,,,DP
2,FTL,3011008.8271729294,0.7919544134294739,5,6,0,,,DP
2,FPL-1x,2973702.835144272,2.021128677028773,3757,3758,0,1.0,0.00018684037016598504,DP
2,FLL-1x,2470202.2071037292,18.61068922853766,4,5,0,1.0,0.00018684037016598504,DP
2,FPL-2x,2973702.835144272,2.021128677028773,3751,3752,0,2.0,0.0003736807403319701,DP
2,FLL-2x,2384314.159901326,21.44056645284251,7,8,0,2.0,0.0003736807403319701,DP
2,FPL-4x,2973702.835144272,2.021128677028773,3749,3750,0,4.0,0.0007473614806639402,DP
2,FLL-4x,2533577.8834301815,16.522559519539858,13,14,0,4.0,0.0007473614806639402,DP
2,FPL-8x,2965999.654792603,2.274936457528534,3744,3745,0,8.0,0.0014947229613278803,DP
2,FLL-8x,2637092.41597063,13.111917089511687,29,30,0,8.0,0.0014947229613278803,DP
2,FPL-16x,2955815.995036084,2.610472166439568,3750,3751,0,16.0,0.0029894459226557607,DP
2,FLL-16x,2759013.7094955444,9.094800587946985,59,60,0,16.0,0.0029894459226557607,DP
2,FPL-32x,2964215.156134831,2.3337329056132354,3736,3737,0,32.0,0.005978891845311521,DP
2,FLL-32x,2631930.709903139,13.281987255439734,109,110,0,32.0,0.005978891845311521,DP
2,FPL-64x,2963259.0561884744,2.365234907934663,3693,3694,0,64.0,0.011957783690623043,DP
2,FLL-64x,2837260.0845659627,6.516704544217214,175,176,0,64.0,0.011957783690623043,DP
3,OracleFixed,3020025.0,0.2805000462272001,0,1,0,,,DP
3,FTL,2841397.893460491,6.178665042314688,14,15,0,,,DP
3,FPL-1x,2983113.610571026,1.499293035178045,3752,3753,0,1.0,0.00018684037016598504,DP
3,FLL-1x,2639117.1905801464,12.85785827466398,4,5,0,1.0,0.00018684037016598504,DP
3,FPL-2x,2983113.610571026,1.499293035178045,3750,3751,0,2.0,0.0003736807403319701,DP
3,FLL-2x,2660109.9669258296,12.164688794334207,8,9,0,2.0,0.0003736807403319701,DP
3,FPL-4x,2982640.491981371,1.5149151406835406,3749,3750,0,4.0,0.0007473614806639402,DP
3,FLL-4x,2600938.590521463,14.118493834563973,15,16,0,4.0,0.0007473614806639402,DP
3,FPL-8x,2982640.491981371,1.5149151406835406,3751,3752,0,8.0,0.0014947229613278803,DP
3,FLL-8x,2607502.638294253,13.901752727594566,29,30,0,8.0,0.0014947229613278803,DP
3,FPL-16x,2970738.331484039,1.9079176797895063,3760,3761,0,16.0,0.0029894459226557607,DP
3,FLL-16x,2766302.9071692573,8.658258582764608,60,61,0,16.0,0.0029894459226557607,DP
3,FPL-32x,2977667.743235726,1.6791124629942706,3742,3743,0,32.0,0.005978891845311521,DP
3,FLL-32x,2938272.4837819934,2.97992142095831,119,120,0,32.0,0.005978891845311521,DP
3,FPL-64x,2967862.9241909795,2.0028619856900582,3688,3689,0,64.0,0.011957783690623043,DP
3,FLL-64x,2836627.9571068403,6.336165615322324,236,237,0,64.0,0.011957783690623043,DP
4,OracleFixed,3027375.0,-0.3462128720255359,0,1,0,,,DP
4,FTL,3019749.5523984856,-0.09345766718106145,6,7,0,,,DP
4,FPL-1x,2990393.55085815,0.8795845161090986,3716,3717,0,1.0,0.00018684037016598504,DP
4,FLL-1x,2182699.5635967255,27.651633826548,4,5,0,1.0,0.00018684037016598504,DP
4,FPL-2x,2981803.664400014,1.1643072792536089,3720,3721,0,2.0,0.0003736807403319701,DP
4,FLL-2x,2392646.9063327354,20.69266087271712,8,9,0,2.0,0.0003736807403319701,DP
4,FPL-4x,2980903.664400014,1.194138929308466,3720,3721,0,4.0,0.0007473614806639402,DP
4,FLL-4x,2480494.465768814,17.7808412601945,14,15,0,4.0,0.0007473614806639402,DP
4,FPL-8x,2987974.1502208756,0.959778641835388,3709,3710,0,8.0,0.0014947229613278803,DP
4,FLL-8x,2382446.8179694526,21.030755835586092,28,29,0,8.0,0.0014947229613278803,DP
4,FPL-16x,2987384.3658915404,0.9793277970804618,3700,3701,0,16.0,0.0029894459226557607,DP
4,FLL-16x,2535728.5427062493,15.950037199860478,58,59,0,16.0,0.0029894459226557607,DP
4,FPL-32x,2982888.7632661005,1.1283402907558164,3675,3676,0,32.0,0.005978891845311521,DP
4,FLL-32x,2868932.703066756,4.905559523530343,113,114,0,32.0,0.005978891845311521,DP
4,FPL-64x,2996959.78439771,0.6619383148528433,3649,3650,0,64.0,0.011957783690623043,DP
4,FLL-64x,2966709.016182215,1.6646386829586715,224,225,0,64.0,0.011957783690623043,DP
